Workbook

Sheet Summary
A1: A2Z DSA — progress
A2: 456 problems · 18 steps · sources cross-checked, see reference/CROSS_CHECK.md
A4: Solved | B4: =COUNTIF(Tracker!$I$2:$I$457,"Done")
A5: Remaining | B5: =B6-B4
A6: Total | B6: =COUNTA(Tracker!$F$2:$F$457)
A7: Complete | B7: =IFERROR(B4/B6,0)
A9: By difficulty
A10: Difficulty | B10: Total | C10: Solved | D10: Complete
A11: Easy | B11: =COUNTIF(Tracker!$G$2:$G$457,A11) | C11: =COUNTIFS(Tracker!$G$2:$G$457,A11,Tracker!$I$2:$I$457,"Done") | D11: =IFERROR(C11/B11,0)
A12: Medium | B12: =COUNTIF(Tracker!$G$2:$G$457,A12) | C12: =COUNTIFS(Tracker!$G$2:$G$457,A12,Tracker!$I$2:$I$457,"Done") | D12: =IFERROR(C12/B12,0)
A13: Hard | B13: =COUNTIF(Tracker!$G$2:$G$457,A13) | C13: =COUNTIFS(Tracker!$G$2:$G$457,A13,Tracker!$I$2:$I$457,"Done") | D13: =IFERROR(C13/B13,0)
A15: By step
A16: Step | B16: Title | C16: Total | D16: Solved | E16: Left | F16: Complete
A17: 1 | B17: Step 1: Learn the basics | C17: =COUNTIF(Tracker!$B$2:$B$457,$A17) | D17: =COUNTIFS(Tracker!$B$2:$B$457,$A17,Tracker!$I$2:$I$457,"Done") | E17: =C17-D17 | F17: =IFERROR(D17/C17,0)
A18: 2 | B18: Step 2: Learn Important Sorting Techniques | C18: =COUNTIF(Tracker!$B$2:$B$457,$A18) | D18: =COUNTIFS(Tracker!$B$2:$B$457,$A18,Tracker!$I$2:$I$457,"Done") | E18: =C18-D18 | F18: =IFERROR(D18/C18,0)
A19: 3 | B19: Step 3: Solve Problems on Arrays [Easy -> Medium -> Hard] | C19: =COUNTIF(Tracker!$B$2:$B$457,$A19) | D19: =COUNTIFS(Tracker!$B$2:$B$457,$A19,Tracker!$I$2:$I$457,"Done") | E19: =C19-D19 | F19: =IFERROR(D19/C19,0)
A20: 4 | B20: Step 4: Binary Search [1D, 2D Arrays, Search Space] | C20: =COUNTIF(Tracker!$B$2:$B$457,$A20) | D20: =COUNTIFS(Tracker!$B$2:$B$457,$A20,Tracker!$I$2:$I$457,"Done") | E20: =C20-D20 | F20: =IFERROR(D20/C20,0)
A21: 5 | B21: Step 5: Strings [Basic and Medium] | C21: =COUNTIF(Tracker!$B$2:$B$457,$A21) | D21: =COUNTIFS(Tracker!$B$2:$B$457,$A21,Tracker!$I$2:$I$457,"Done") | E21: =C21-D21 | F21: =IFERROR(D21/C21,0)
A22: 6 | B22: Step 6: Learn LinkedList [Single LL, Double LL, Medium, Hard Problems] | C22: =COUNTIF(Tracker!$B$2:$B$457,$A22) | D22: =COUNTIFS(Tracker!$B$2:$B$457,$A22,Tracker!$I$2:$I$457,"Done") | E22: =C22-D22 | F22: =IFERROR(D22/C22,0)
A23: 7 | B23: Step 7: Recursion [PatternWise] | C23: =COUNTIF(Tracker!$B$2:$B$457,$A23) | D23: =COUNTIFS(Tracker!$B$2:$B$457,$A23,Tracker!$I$2:$I$457,"Done") | E23: =C23-D23 | F23: =IFERROR(D23/C23,0)
A24: 8 | B24: Step 8: Bit Manipulation [Concepts & Problems] | C24: =COUNTIF(Tracker!$B$2:$B$457,$A24) | D24: =COUNTIFS(Tracker!$B$2:$B$457,$A24,Tracker!$I$2:$I$457,"Done") | E24: =C24-D24 | F24: =IFERROR(D24/C24,0)
A25: 9 | B25: Step 9: Stack and Queues [Learning, Pre-In-Post-fix, Monotonic Stack, Implementation] | C25: =COUNTIF(Tracker!$B$2:$B$457,$A25) | D25: =COUNTIFS(Tracker!$B$2:$B$457,$A25,Tracker!$I$2:$I$457,"Done") | E25: =C25-D25 | F25: =IFERROR(D25/C25,0)
A26: 10 | B26: Step 10: Sliding Window & Two Pointer Combined Problems | C26: =COUNTIF(Tracker!$B$2:$B$457,$A26) | D26: =COUNTIFS(Tracker!$B$2:$B$457,$A26,Tracker!$I$2:$I$457,"Done") | E26: =C26-D26 | F26: =IFERROR(D26/C26,0)
A27: 11 | B27: Step 11: Heaps [Learning, Medium, Hard Problems] | C27: =COUNTIF(Tracker!$B$2:$B$457,$A27) | D27: =COUNTIFS(Tracker!$B$2:$B$457,$A27,Tracker!$I$2:$I$457,"Done") | E27: =C27-D27 | F27: =IFERROR(D27/C27,0)
A28: 12 | B28: Step 12: Greedy Algorithms [Easy, Medium/Hard] | C28: =COUNTIF(Tracker!$B$2:$B$457,$A28) | D28: =COUNTIFS(Tracker!$B$2:$B$457,$A28,Tracker!$I$2:$I$457,"Done") | E28: =C28-D28 | F28: =IFERROR(D28/C28,0)
... A34: 18 | B34: Step 18: Strings | C34: =COUNTIF(Tracker!$B$2:$B$457,$A34) | D34: =COUNTIFS(Tracker!$B$2:$B$457,$A34,Tracker!$I$2:$I$457,"Done") | E34: =C34-D34 | F34: =IFERROR(D34/C34,0)
B35: All steps | C35: =SUM(C17:C34) | D35: =SUM(D17:D34) | E35: =SUM(E17:E34) | F35: =IFERROR(D35/C35,0)
A37: How to use
A38: Cream cells on Tracker | B38: The only cells you edit: Status, Date solved, Revisions, Confidence, Time, Notes.
A39: Status | B39: Pick from the dropdown: Not started · In progress · Done · Revisit.
A40: Example row | B40: Done · 2026-09-21 · 2 revisions · High · 25 min · "two-pointer, missed the dup case".
A41: Links | B41: LC/GFG/CN/YT/BLOG/TUF open the problem. Sol p. is the solutions-PDF page. Purple = no LeetCode version. LC? = suggested by another source.
A42: This sheet | B42: All figures are live COUNTIFS over Tracker — nothing here needs editing.

Sheet Tracker
A1: # | B1: Step | C1: Step title | D1: Sub-step | E1: Sub-step title | F1: Problem | G1: Difficulty | H1: Topic | I1: Status | J1: Date solved | K1: Revisions | L1: Confidence | M1: Time (min) | N1: Notes | O1: LC | P1: GFG | Q1: CN | R1: YT | S1: BLOG | T1: TUF | U1: Alt link | V1: LC (suggested) | W1: Sol p. | X1: ID (do not edit)
A2: 1 | B2: 1 | C2: Step 1: Learn the basics | D2: 1 | E2: 1. Things to Know in C++/Java/Python or any language | F2: User Input / Output | G2: Easy | H2: Introduction to DSA | I2: Not started | P2: GFG | Q2: CN | R2: YT | S2: BLOG | T2: TUF | X2: s1-user-input-output
A3: 2 | B3: 1 | C3: Step 1: Learn the basics | D3: 1 | E3: 1. Things to Know in C++/Java/Python or any language | F3: Data Types | G3: Easy | H3: Introduction to DSA | I3: Not started | P3: GFG | Q3: CN | R3: YT | T3: TUF | X3: s1-data-types
A4: 3 | B4: 1 | C4: Step 1: Learn the basics | D4: 1 | E4: 1. Things to Know in C++/Java/Python or any language | F4: If Else statements | G4: Easy | H4: Introduction to DSA | I4: Not started | P4: GFG | Q4: CN | R4: YT | S4: BLOG | T4: TUF | X4: s1-if-else-statements
A5: 4 | B5: 1 | C5: Step 1: Learn the basics | D5: 1 | E5: 1. Things to Know in C++/Java/Python or any language | F5: Switch Statement | G5: Easy | H5: Introduction to DSA | I5: Not started | P5: GFG | Q5: CN | R5: YT | S5: BLOG | T5: TUF | X5: s1-switch-statement
A6: 5 | B6: 1 | C6: Step 1: Learn the basics | D6: 1 | E6: 1. Things to Know in C++/Java/Python or any language | F6: What are arrays, strings? | G6: Easy | H6: Introduction to DSA | I6: Not started | R6: YT | T6: TUF | X6: s1-what-are-arrays-strings
A7: 6 | B7: 1 | C7: Step 1: Learn the basics | D7: 1 | E7: 1. Things to Know in C++/Java/Python or any language | F7: For loops | G7: Easy | H7: Introduction to DSA | I7: Not started | Q7: CN | R7: YT | S7: BLOG | T7: TUF | X7: s1-for-loops
A8: 7 | B8: 1 | C8: Step 1: Learn the basics | D8: 1 | E8: 1. Things to Know in C++/Java/Python or any language | F8: While loops | G8: Easy | H8: Introduction to DSA | I8: Not started | P8: GFG | Q8: CN | R8: YT | S8: BLOG | T8: TUF | X8: s1-while-loops
A9: 8 | B9: 1 | C9: Step 1: Learn the basics | D9: 1 | E9: 1. Things to Know in C++/Java/Python or any language | F9: Functions (Pass by Reference and Value) | G9: Easy | H9: Introduction to DSA | I9: Not started | P9: GFG | Q9: CN | R9: YT | T9: TUF | X9: s1-functions-pass-by-reference-and-value
A10: 9 | B10: 1 | C10: Step 1: Learn the basics | D10: 1 | E10: 1. Things to Know in C++/Java/Python or any language | F10: Time Complexity [Learn Basics, and then analyse in next Steps] | G10: Easy | H10: Introduction to DSA | I10: Not started | R10: YT | S10: BLOG | X10: s1-time-complexity-learn-basics-and-then-analyse-in
A11: 10 | B11: 1 | C11: Step 1: Learn the basics | D11: 2 | E11: 2. Build-up Logical Thinking | F11: Patterns | G11: Easy | H11: Maths, Data Structures | I11: Not started | R11: YT | S11: BLOG | T11: TUF | X11: s1-patterns
A12: 11 | B12: 1 | C12: Step 1: Learn the basics | D12: 3 | E12: 3. Learn STL/Java-Collections or similar thing in your language | F12: C++ STL | G12: Medium | H12: C++, Introduction to DSA | I12: Not started | P12: GFG | R12: YT | S12: BLOG | X12: s1-c-stl
A13: 12 | B13: 1 | C13: Step 1: Learn the basics | D13: 3 | E13: 3. Learn STL/Java-Collections or similar thing in your language | F13: Java Collections | G13: Easy | H13: Java, Introduction to DSA | I13: Not started | X13: s1-java-collections
A14: 13 | B14: 1 | C14: Step 1: Learn the basics | D14: 4 | E14: 4. Know Basic Maths | F14: Count Digits | G14: Easy | H14: Maths, Data Structures | I14: Not started | P14: GFG | Q14: CN | R14: YT | S14: BLOG | T14: TUF | W14: 2 | X14: s1-count-digits
A15: 14 | B15: 1 | C15: Step 1: Learn the basics | D15: 4 | E15: 4. Know Basic Maths | F15: Reverse a Number | G15: Easy | H15: Maths, Data Structures | I15: Not started | O15: LC | P15: GFG | Q15: CN | R15: YT | S15: BLOG | T15: TUF | W15: 3 | X15: s1-reverse-a-number
A16: 15 | B16: 1 | C16: Step 1: Learn the basics | D16: 4 | E16: 4. Know Basic Maths | F16: Check Palindrome | G16: Easy | H16: Maths, Data Structures | I16: Not started | O16: LC | P16: GFG | Q16: CN | R16: YT | S16: BLOG | T16: TUF | W16: 5 | X16: s1-check-palindrome
A17: 16 | B17: 1 | C17: Step 1: Learn the basics | D17: 4 | E17: 4. Know Basic Maths | F17: GCD Or HCF | G17: Easy | H17: Maths, Data Structures | I17: Not started | P17: GFG | Q17: CN | R17: YT | S17: BLOG | T17: TUF | W17: 6 | X17: s1-gcd-or-hcf
A18: 17 | B18: 1 | C18: Step 1: Learn the basics | D18: 4 | E18: 4. Know Basic Maths | F18: Armstrong Numbers | G18: Easy | H18: Maths, Data Structures | I18: Not started | O18: LC | P18: GFG | Q18: CN | R18: YT | S18: BLOG | T18: TUF | W18: 8 | X18: s1-armstrong-numbers
A19: 18 | B19: 1 | C19: Step 1: Learn the basics | D19: 4 | E19: 4. Know Basic Maths | F19: Print all Divisors | G19: Easy | H19: Maths, Data Structures | I19: Not started | P19: GFG | Q19: CN | R19: YT | S19: BLOG | T19: TUF | W19: 9 | X19: s1-print-all-divisors
A20: 19 | B20: 1 | C20: Step 1: Learn the basics | D20: 4 | E20: 4. Know Basic Maths | F20: Check for Prime | G20: Easy | H20: Maths, Data Structures | I20: Not started | P20: GFG | Q20: CN | R20: YT | S20: BLOG | T20: TUF | W20: 11 | X20: s1-check-for-prime
A21: 20 | B21: 1 | C21: Step 1: Learn the basics | D21: 5 | E21: 5. Learn Basic Recursion | F21: Understand recursion by print something N times | G21: Easy | H21: Recursion, Data Structures | I21: Not started | P21: GFG | Q21: CN | R21: YT | S21: BLOG | W21: 12 | X21: s1-understand-recursion-by-print-something-n-times
A22: 21 | B22: 1 | C22: Step 1: Learn the basics | D22: 5 | E22: 5. Learn Basic Recursion | F22: Print name N times using recursion | G22: Easy | H22: Recursion, Data Structures | I22: Not started | P22: GFG | Q22: CN | R22: YT | S22: BLOG | W22: 13 | X22: s1-print-name-n-times-using-recursion
A23: 22 | B23: 1 | C23: Step 1: Learn the basics | D23: 5 | E23: 5. Learn Basic Recursion | F23: Print 1 to N using recursion | G23: Easy | H23: Recursion, Data Structures | I23: Not started | P23: GFG | Q23: CN | R23: YT | S23: BLOG | W23: 14 | X23: s1-print-1-to-n-using-recursion
A24: 23 | B24: 1 | C24: Step 1: Learn the basics | D24: 5 | E24: 5. Learn Basic Recursion | F24: Print N to 1 using recursion | G24: Easy | H24: Recursion, Data Structures | I24: Not started | P24: GFG | Q24: CN | R24: YT | S24: BLOG | W24: 15 | X24: s1-print-n-to-1-using-recursion
A25: 24 | B25: 1 | C25: Step 1: Learn the basics | D25: 5 | E25: 5. Learn Basic Recursion | F25: Sum of first N numbers | G25: Easy | H25: Maths, Data Structures | I25: Not started | P25: GFG | Q25: CN | R25: YT | S25: BLOG | T25: TUF | W25: 16 | X25: s1-sum-of-first-n-numbers
A26: 25 | B26: 1 | C26: Step 1: Learn the basics | D26: 5 | E26: 5. Learn Basic Recursion | F26: Factorial of N numbers | G26: Easy | H26: Maths, Data Structures | I26: Not started | P26: GFG | Q26: CN | R26: YT | S26: BLOG | T26: TUF | W26: 17 | X26: s1-factorial-of-n-numbers
A27: 26 | B27: 1 | C27: Step 1: Learn the basics | D27: 5 | E27: 5. Learn Basic Recursion | F27: Reverse an array | G27: Easy | H27: Arrays, Data Structures | I27: Not started | P27: GFG | Q27: CN | R27: YT | S27: BLOG | T27: TUF | V27: LC? | W27: 17 | X27: s1-reverse-an-array
A28: 27 | B28: 1 | C28: Step 1: Learn the basics | D28: 5 | E28: 5. Learn Basic Recursion | F28: Check if a string is palindrome or not | G28: Medium | H28: String, Data Structures | I28: Not started | O28: LC | P28: GFG | Q28: CN | R28: YT | S28: BLOG | T28: TUF | W28: 18 | X28: s1-check-if-a-string-is-palindrome-or-not
A29: 28 | B29: 1 | C29: Step 1: Learn the basics | D29: 5 | E29: 5. Learn Basic Recursion | F29: Fibonacci Number | G29: Easy | H29: Maths, Data Structures | I29: Not started | O29: LC | P29: GFG | Q29: CN | R29: YT | S29: BLOG | T29: TUF | W29: 19 | X29: s1-fibonacci-number
A30: 29 | B30: 1 | C30: Step 1: Learn the basics | D30: 6 | E30: 6. Learn Basic Hashing | F30: Hashing Theory | G30: Medium | H30: Hashing, Data Structures | I30: Not started | R30: YT | S30: BLOG | W30: 20 | X30: s1-hashing-theory
A31: 30 | B31: 1 | C31: Step 1: Learn the basics | D31: 6 | E31: 6. Learn Basic Hashing | F31: Counting frequencies of array elements | G31: Easy | H31: Arrays, Hashing, Sorting, Data Structures | I31: Not started | P31: GFG | Q31: CN | S31: BLOG | W31: 21 | X31: s1-counting-frequencies-of-array-elements
A32: 31 | B32: 1 | C32: Step 1: Learn the basics | D32: 6 | E32: 6. Learn Basic Hashing | F32: Find the highest/lowest frequency element | G32: Easy | H32: Arrays, Hashing, Data Structures | I32: Not started | O32: LC | P32: GFG | Q32: CN | S32: BLOG | T32: TUF | W32: 23 | X32: s1-find-the-highest-lowest-frequency-element
A33: 32 | B33: 2 | C33: Step 2: Learn Important Sorting Techniques | D33: 1 | E33: 1. Sorting-I | F33: Selection Sort | G33: Easy | H33: Sorting, Arrays, Data Structures | I33: Not started | P33: GFG | Q33: CN | R33: YT | S33: BLOG | T33: TUF | W33: 25 | X33: s2-selection-sort
A34: 33 | B34: 2 | C34: Step 2: Learn Important Sorting Techniques | D34: 1 | E34: 1. Sorting-I | F34: Bubble Sort | G34: Easy | H34: Sorting, Arrays, Data Structures | I34: Not started | P34: GFG | Q34: CN | R34: YT | S34: BLOG | T34: TUF | W34: 26 | X34: s2-bubble-sort
A35: 34 | B35: 2 | C35: Step 2: Learn Important Sorting Techniques | D35: 1 | E35: 1. Sorting-I | F35: Insertion Sort | G35: Easy | H35: Sorting, Data Structures | I35: Not started | P35: GFG | Q35: CN | R35: YT | S35: BLOG | T35: TUF | W35: 27 | X35: s2-insertion-sort
A36: 35 | B36: 2 | C36: Step 2: Learn Important Sorting Techniques | D36: 2 | E36: 2. Sorting-II | F36: Merge Sort | G36: Medium | H36: Arrays, Sorting, Data Structures | I36: Not started | P36: GFG | Q36: CN | R36: YT | S36: BLOG | T36: TUF | W36: 29 | X36: s2-merge-sort
A37: 36 | B37: 2 | C37: Step 2: Learn Important Sorting Techniques | D37: 2 | E37: 2. Sorting-II | F37: Recursive Bubble Sort | G37: Easy | H37: Sorting, Data Structures | I37: Not started | P37: GFG | Q37: CN | S37: BLOG | W37: 31 | X37: s2-recursive-bubble-sort
A38: 37 | B38: 2 | C38: Step 2: Learn Important Sorting Techniques | D38: 2 | E38: 2. Sorting-II | F38: Recursive Insertion Sort | G38: Easy | H38: Recursion, Sorting, Data Structures | I38: Not started | P38: GFG | Q38: CN | S38: BLOG | W38: 32 | X38: s2-recursive-insertion-sort
A39: 38 | B39: 2 | C39: Step 2: Learn Important Sorting Techniques | D39: 2 | E39: 2. Sorting-II | F39: Quick Sort | G39: Easy | H39: Arrays, Sorting, Data Structures | I39: Not started | P39: GFG | Q39: CN | R39: YT | S39: BLOG | T39: TUF | W39: 34 | X39: s2-quick-sort
A40: 39 | B40: 3 | C40: Step 3: Solve Problems on Arrays [Easy -> Medium -> Hard] | D40: 1 | E40: 1. Easy | F40: Largest Element in an Array | G40: Easy | H40: Arrays, Data Structures | I40: Not started | P40: GFG | Q40: CN | R40: YT | S40: BLOG | T40: TUF | W40: 38 | X40: s3-largest-element-in-an-array
A41: 40 | B41: 3 | C41: Step 3: Solve Problems on Arrays [Easy -> Medium -> Hard] | D41: 1 | E41: 1. Easy | F41: Second Largest Element in an Array without sorting | G41: Easy | H41: Arrays, Data Structures | I41: Not started | P41: GFG | Q41: CN | R41: YT | S41: BLOG | T41: TUF | X41: s3-second-largest-element-in-an-array-without-sorti
A42: 41 | B42: 3 | C42: Step 3: Solve Problems on Arrays [Easy -> Medium -> Hard] | D42: 1 | E42: 1. Easy | F42: Check if the array is sorted | G42: Easy | H42: Arrays, Data Structures | I42: Not started | O42: LC | P42: GFG | Q42: CN | R42: YT | S42: BLOG | T42: TUF | W42: 43 | X42: s3-check-if-the-array-is-sorted
A43: 42 | B43: 3 | C43: Step 3: Solve Problems on Arrays [Easy -> Medium -> Hard] | D43: 1 | E43: 1. Easy | F43: Remove duplicates from Sorted array | G43: Easy | H43: Arrays, Data Structures | I43: Not started | O43: LC | P43: GFG | Q43: CN | R43: YT | S43: BLOG | T43: TUF | W43: 45 | X43: s3-remove-duplicates-from-sorted-array
A44: 43 | B44: 3 | C44: Step 3: Solve Problems on Arrays [Easy -> Medium -> Hard] | D44: 1 | E44: 1. Easy | F44: Left Rotate an array by one place | G44: Easy | H44: Arrays, Data Structures | I44: Not started | O44: LC | P44: GFG | Q44: CN | R44: YT | S44: BLOG | T44: TUF | W44: 48 | X44: s3-left-rotate-an-array-by-one-place
A45: 44 | B45: 3 | C45: Step 3: Solve Problems on Arrays [Easy -> Medium -> Hard] | D45: 1 | E45: 1. Easy | F45: Left rotate an array by D places | G45: Easy | H45: Arrays, Data Structures | I45: Not started | O45: LC | P45: GFG | Q45: CN | R45: YT | S45: BLOG | T45: TUF | W45: 48 | X45: s3-left-rotate-an-array-by-d-places
A46: 45 | B46: 3 | C46: Step 3: Solve Problems on Arrays [Easy -> Medium -> Hard] | D46: 1 | E46: 1. Easy | F46: Move Zeros to end | G46: Easy | H46: Arrays, Data Structures, Two Pointer | I46: Not started | O46: LC | P46: GFG | Q46: CN | R46: YT | S46: BLOG | T46: TUF | W46: 54 | X46: s3-move-zeros-to-end
A47: 46 | B47: 3 | C47: Step 3: Solve Problems on Arrays [Easy -> Medium -> Hard] | D47: 1 | E47: 1. Easy | F47: Linear Search | G47: Easy | H47: Arrays, Data Structures | I47: Not started | P47: GFG | Q47: CN | R47: YT | S47: BLOG | T47: TUF | W47: 58 | X47: s3-linear-search
A48: 47 | B48: 3 | C48: Step 3: Solve Problems on Arrays [Easy -> Medium -> Hard] | D48: 1 | E48: 1. Easy | F48: Find the Union | G48: Medium | H48: Arrays, Hashing, Sorting, Data Structures | I48: Not started | P48: GFG | Q48: CN | R48: YT | S48: BLOG | T48: TUF | X48: s3-find-the-union
A49: 48 | B49: 3 | C49: Step 3: Solve Problems on Arrays [Easy -> Medium -> Hard] | D49: 1 | E49: 1. Easy | F49: Find missing number in an array | G49: Easy | H49: Arrays, Data Structures, Binary Search, Hashing | I49: Not started | O49: LC | P49: GFG | R49: YT | S49: BLOG | T49: TUF | W49: 65 | X49: s3-find-missing-number-in-an-array
A50: 49 | B50: 3 | C50: Step 3: Solve Problems on Arrays [Easy -> Medium -> Hard] | D50: 1 | E50: 1. Easy | F50: Maximum Consecutive Ones | G50: Easy | H50: Arrays, Data Structures | I50: Not started | O50: LC | P50: GFG | Q50: CN | R50: YT | S50: BLOG | T50: TUF | X50: s3-maximum-consecutive-ones
A51: 50 | B51: 3 | C51: Step 3: Solve Problems on Arrays [Easy -> Medium -> Hard] | D51: 1 | E51: 1. Easy | F51: Find the number that appears once, and other numbers twice. | G51: Medium | H51: Arrays, Hashing, Data Structures | I51: Not started | O51: LC | P51: GFG | Q51: CN | R51: YT | S51: BLOG | T51: TUF | W51: 71 | X51: s3-find-the-number-that-appears-once-and-other-numb
A52: 51 | B52: 3 | C52: Step 3: Solve Problems on Arrays [Easy -> Medium -> Hard] | D52: 1 | E52: 1. Easy | F52: Longest subarray with given sum K(positives) | G52: Medium | H52: Arrays, Data Structures, Hashing | I52: Not started | P52: GFG | Q52: CN | R52: YT | S52: BLOG | T52: TUF | W52: 76 | X52: s3-longest-subarray-with-given-sum-k-positives
A53: 52 | B53: 3 | C53: Step 3: Solve Problems on Arrays [Easy -> Medium -> Hard] | D53: 1 | E53: 1. Easy | F53: Longest subarray with sum K (Positives + Negatives) | G53: Medium | H53: Arrays, Data Structures, Hashing | I53: Not started | P53: GFG | Q53: CN | R53: YT | S53: BLOG | T53: TUF | W53: 76 | X53: s3-longest-subarray-with-sum-k-positives-negatives
A54: 53 | B54: 3 | C54: Step 3: Solve Problems on Arrays [Easy -> Medium -> Hard] | D54: 2 | E54: 2. Medium | F54: 2Sum Problem | G54: Medium | H54: Arrays, Sorting, Data Structures, Two Pointer | I54: Not started | O54: LC | P54: GFG | Q54: CN | R54: YT | S54: BLOG | T54: TUF | X54: s3-2sum-problem
A55: 54 | B55: 3 | C55: Step 3: Solve Problems on Arrays [Easy -> Medium -> Hard] | D55: 2 | E55: 2. Medium | F55: Sort an array of 0's 1's and 2's | G55: Medium | H55: Arrays, Two Pointer, Data Structures | I55: Not started | O55: LC | P55: GFG | Q55: CN | R55: YT | S55: BLOG | T55: TUF | X55: s3-sort-an-array-of-0-s-1-s-and-2-s
A56: 55 | B56: 3 | C56: Step 3: Solve Problems on Arrays [Easy -> Medium -> Hard] | D56: 2 | E56: 2. Medium | F56: Majority Element (>n/2 times) | G56: Easy | H56: Arrays, Hashing, Data Structures | I56: Not started | O56: LC | P56: GFG | Q56: CN | R56: YT | S56: BLOG | T56: TUF | W56: 94 | X56: s3-majority-element-n-2-times
A57: 56 | B57: 3 | C57: Step 3: Solve Problems on Arrays [Easy -> Medium -> Hard] | D57: 2 | E57: 2. Medium | F57: Kadane's Algorithm, maximum subarray sum | G57: Easy | H57: Arrays, Data Structures | I57: Not started | O57: LC | P57: GFG | Q57: CN | R57: YT | S57: BLOG | T57: TUF | W57: 97 | X57: s3-kadane-s-algorithm-maximum-subarray-sum
A58: 57 | B58: 3 | C58: Step 3: Solve Problems on Arrays [Easy -> Medium -> Hard] | D58: 2 | E58: 2. Medium | F58: Print subarray with maximum subarray sum (extended version of above problem) | G58: Medium | H58: Arrays, Hashing, Data Structures | I58: Not started | P58: GFG | Q58: CN | R58: YT | S58: BLOG | T58: TUF | W58: 102 | X58: s3-print-subarray-with-maximum-subarray-sum-extende
A59: 58 | B59: 3 | C59: Step 3: Solve Problems on Arrays [Easy -> Medium -> Hard] | D59: 2 | E59: 2. Medium | F59: Stock Buy and Sell | G59: Easy | H59: Arrays, Data Structures | I59: Not started | O59: LC | P59: GFG | Q59: CN | R59: YT | S59: BLOG | T59: TUF | W59: 103 | X59: s3-stock-buy-and-sell
A60: 59 | B60: 3 | C60: Step 3: Solve Problems on Arrays [Easy -> Medium -> Hard] | D60: 2 | E60: 2. Medium | F60: Rearrange the array in alternating positive and negative items | G60: Medium | H60: Arrays, Data Structures | I60: Not started | O60: LC | P60: GFG | Q60: CN | R60: YT | S60: BLOG | T60: TUF | X60: s3-rearrange-the-array-in-alternating-positive-and-
A61: 60 | B61: 3 | C61: Step 3: Solve Problems on Arrays [Easy -> Medium -> Hard] | D61: 2 | E61: 2. Medium | F61: Next Permutation | G61: Medium | H61: Arrays, Data Structures, Two Pointer | I61: Not started | O61: LC | P61: GFG | Q61: CN | R61: YT | S61: BLOG | X61: s3-next-permutation
A62: 61 | B62: 3 | C62: Step 3: Solve Problems on Arrays [Easy -> Medium -> Hard] | D62: 2 | E62: 2. Medium | F62: Leaders in an Array problem | G62: Easy | H62: Arrays, Data Structures | I62: Not started | P62: GFG | Q62: CN | R62: YT | S62: BLOG | T62: TUF | W62: 117 | X62: s3-leaders-in-an-array-problem
A63: 62 | B63: 3 | C63: Step 3: Solve Problems on Arrays [Easy -> Medium -> Hard] | D63: 2 | E63: 2. Medium | F63: Longest Consecutive Sequence in an Array | G63: Medium | H63: Arrays, Hashing, Data Structures | I63: Not started | O63: LC | P63: GFG | Q63: CN | R63: YT | S63: BLOG | T63: TUF | W63: 120 | X63: s3-longest-consecutive-sequence-in-an-array
A64: 63 | B64: 3 | C64: Step 3: Solve Problems on Arrays [Easy -> Medium -> Hard] | D64: 2 | E64: 2. Medium | F64: Set Matrix Zeros | G64: Medium | H64: Arrays, Data Structures | I64: Not started | O64: LC | P64: GFG | Q64: CN | R64: YT | S64: BLOG | W64: 124 | X64: s3-set-matrix-zeros
A65: 64 | B65: 3 | C65: Step 3: Solve Problems on Arrays [Easy -> Medium -> Hard] | D65: 2 | E65: 2. Medium | F65: Rotate Matrix by 90 degrees | G65: Medium | H65: Arrays, Data Structures | I65: Not started | O65: LC | P65: GFG | Q65: CN | R65: YT | S65: BLOG | T65: TUF | W65: 131 | X65: s3-rotate-matrix-by-90-degrees
A66: 65 | B66: 3 | C66: Step 3: Solve Problems on Arrays [Easy -> Medium -> Hard] | D66: 2 | E66: 2. Medium | F66: Print the matrix in spiral manner | G66: Medium | H66: Arrays, Data Structures | I66: Not started | O66: LC | P66: GFG | Q66: CN | R66: YT | S66: BLOG | T66: TUF | X66: s3-print-the-matrix-in-spiral-manner
A67: 66 | B67: 3 | C67: Step 3: Solve Problems on Arrays [Easy -> Medium -> Hard] | D67: 2 | E67: 2. Medium | F67: Count subarrays with given sum | G67: Easy | H67: Arrays, Hashing, Data Structures | I67: Not started | O67: LC | P67: GFG | Q67: CN | R67: YT | S67: BLOG | T67: TUF | W67: 76 | X67: s3-count-subarrays-with-given-sum
A68: 67 | B68: 3 | C68: Step 3: Solve Problems on Arrays [Easy -> Medium -> Hard] | D68: 3 | E68: 3. Hard | F68: Pascal's Triangle | G68: Medium | H68: Arrays, Data Structures, Maths | I68: Not started | O68: LC | P68: GFG | Q68: CN | R68: YT | S68: BLOG | T68: TUF | W68: 141 | X68: s3-pascal-s-triangle
A69: 68 | B69: 3 | C69: Step 3: Solve Problems on Arrays [Easy -> Medium -> Hard] | D69: 3 | E69: 3. Hard | F69: Majority Element (n/3 times) | G69: Medium | H69: Arrays, Hashing, Data Structures | I69: Not started | O69: LC | Q69: CN | R69: YT | S69: BLOG | T69: TUF | W69: 94 | X69: s3-majority-element-n-3-times
A70: 69 | B70: 3 | C70: Step 3: Solve Problems on Arrays [Easy -> Medium -> Hard] | D70: 3 | E70: 3. Hard | F70: 3-Sum Problem | G70: Medium | H70: Arrays, Sorting, Two Pointer, Data Structures, Hashing | I70: Not started | O70: LC | P70: GFG | Q70: CN | R70: YT | S70: BLOG | T70: TUF | X70: s3-3-sum-problem
A71: 70 | B71: 3 | C71: Step 3: Solve Problems on Arrays [Easy -> Medium -> Hard] | D71: 3 | E71: 3. Hard | F71: 4-Sum Problem | G71: Hard | H71: Arrays, Sorting, Data Structures, Two Pointer, Hashing | I71: Not started | O71: LC | P71: GFG | Q71: CN | R71: YT | S71: BLOG | T71: TUF | X71: s3-4-sum-problem
A72: 71 | B72: 3 | C72: Step 3: Solve Problems on Arrays [Easy -> Medium -> Hard] | D72: 3 | E72: 3. Hard | F72: Largest Subarray with 0 Sum | G72: Medium | H72: Arrays, Hashing, Data Structures | I72: Not started | P72: GFG | Q72: CN | R72: YT | S72: BLOG | W72: 76 | X72: s3-largest-subarray-with-0-sum
A73: 72 | B73: 3 | C73: Step 3: Solve Problems on Arrays [Easy -> Medium -> Hard] | D73: 3 | E73: 3. Hard | F73: Count number of subarrays with given xor K | G73: Hard | H73: Arrays, Hashing, Data Structures | I73: Not started | P73: GFG | Q73: CN | R73: YT | S73: BLOG | T73: TUF | U73: IB | W73: 162 | X73: s3-count-number-of-subarrays-with-given-xor-k
A74: 73 | B74: 3 | C74: Step 3: Solve Problems on Arrays [Easy -> Medium -> Hard] | D74: 3 | E74: 3. Hard | F74: Merge Overlapping Subintervals | G74: Medium | H74: Arrays, Data Structures, Sorting | I74: Not started | O74: LC | P74: GFG | Q74: CN | R74: YT | S74: BLOG | W74: 168 | X74: s3-merge-overlapping-subintervals
A75: 74 | B75: 3 | C75: Step 3: Solve Problems on Arrays [Easy -> Medium -> Hard] | D75: 3 | E75: 3. Hard | F75: Merge two sorted arrays without extra space | G75: Medium | H75: Arrays, Sorting, Data Structures | I75: Not started | O75: LC | P75: GFG | Q75: CN | R75: YT | S75: BLOG | T75: TUF | W75: 172 | X75: s3-merge-two-sorted-arrays-without-extra-space
A76: 75 | B76: 3 | C76: Step 3: Solve Problems on Arrays [Easy -> Medium -> Hard] | D76: 3 | E76: 3. Hard | F76: Find the repeating and missing number | G76: Hard | H76: Arrays, Maths, Hashing, Data Structures | I76: Not started | P76: GFG | Q76: CN | R76: YT | S76: BLOG | T76: TUF | W76: 173 | X76: s3-find-the-repeating-and-missing-number
A77: 76 | B77: 3 | C77: Step 3: Solve Problems on Arrays [Easy -> Medium -> Hard] | D77: 3 | E77: 3. Hard | F77: Count Inversions | G77: Hard | H77: Sorting, Arrays, Data Structures | I77: Not started | P77: GFG | Q77: CN | R77: YT | S77: BLOG | T77: TUF | W77: 185 | X77: s3-count-inversions
A78: 77 | B78: 3 | C78: Step 3: Solve Problems on Arrays [Easy -> Medium -> Hard] | D78: 3 | E78: 3. Hard | F78: Reverse Pairs | G78: Hard | H78: Arrays, Sorting, Data Structures | I78: Not started | O78: LC | P78: GFG | Q78: CN | R78: YT | S78: BLOG | T78: TUF | W78: 188 | X78: s3-reverse-pairs
A79: 78 | B79: 3 | C79: Step 3: Solve Problems on Arrays [Easy -> Medium -> Hard] | D79: 3 | E79: 3. Hard | F79: Maximum Product Subarray | G79: Easy | H79: Arrays, Data Structures | I79: Not started | O79: LC | P79: GFG | Q79: CN | R79: YT | S79: BLOG | T79: TUF | W79: 192 | X79: s3-maximum-product-subarray
A80: 79 | B80: 4 | C80: Step 4: Binary Search [1D, 2D Arrays, Search Space] | D80: 1 | E80: 1. BS on 1D Arrays | F80: Binary Search to find X in sorted array | G80: Easy | H80: Arrays, Binary Search, Data Structures | I80: Not started | O80: LC | P80: GFG | Q80: CN | R80: YT | S80: BLOG | T80: TUF | X80: s4-binary-search-to-find-x-in-sorted-array
A81: 80 | B81: 4 | C81: Step 4: Binary Search [1D, 2D Arrays, Search Space] | D81: 1 | E81: 1. BS on 1D Arrays | F81: Implement Lower Bound | G81: Easy | H81: Binary Search, Arrays, Data Structures | I81: Not started | P81: GFG | Q81: CN | R81: YT | S81: BLOG | T81: TUF | W81: 201 | X81: s4-implement-lower-bound
A82: 81 | B82: 4 | C82: Step 4: Binary Search [1D, 2D Arrays, Search Space] | D82: 1 | E82: 1. BS on 1D Arrays | F82: Implement Upper Bound | G82: Easy | H82: Arrays, Binary Search, Data Structures | I82: Not started | P82: GFG | Q82: CN | R82: YT | S82: BLOG | T82: TUF | W82: 204 | X82: s4-implement-upper-bound
A83: 82 | B83: 4 | C83: Step 4: Binary Search [1D, 2D Arrays, Search Space] | D83: 1 | E83: 1. BS on 1D Arrays | F83: Search Insert Position | G83: Easy | H83: Arrays, Binary Search, Data Structures | I83: Not started | O83: LC | P83: GFG | Q83: CN | R83: YT | S83: BLOG | T83: TUF | W83: 207 | X83: s4-search-insert-position
A84: 83 | B84: 4 | C84: Step 4: Binary Search [1D, 2D Arrays, Search Space] | D84: 1 | E84: 1. BS on 1D Arrays | F84: Floor/Ceil in Sorted Array | G84: Medium | H84: Arrays, Data Structures | I84: Not started | P84: GFG | Q84: CN | R84: YT | S84: BLOG | T84: TUF | W84: 210 | X84: s4-floor-ceil-in-sorted-array
A85: 84 | B85: 4 | C85: Step 4: Binary Search [1D, 2D Arrays, Search Space] | D85: 1 | E85: 1. BS on 1D Arrays | F85: Find the first or last occurrence of a given number in a sorted array | G85: Easy | H85: Binary Search, Arrays, Data Structures | I85: Not started | O85: LC | P85: GFG | Q85: CN | R85: YT | S85: BLOG | T85: TUF | W85: 213 | X85: s4-find-the-first-or-last-occurrence-of-a-given-num
A86: 85 | B86: 4 | C86: Step 4: Binary Search [1D, 2D Arrays, Search Space] | D86: 1 | E86: 1. BS on 1D Arrays | F86: Count occurrences of a number in a sorted array with duplicates | G86: Easy | H86: Hashing, Arrays, Data Structures | I86: Not started | P86: GFG | Q86: CN | R86: YT | S86: BLOG | X86: s4-count-occurrences-of-a-number-in-a-sorted-array-
A87: 86 | B87: 4 | C87: Step 4: Binary Search [1D, 2D Arrays, Search Space] | D87: 1 | E87: 1. BS on 1D Arrays | F87: Search in Rotated Sorted Array I | G87: Medium | H87: Arrays, Binary Search | I87: Not started | O87: LC | P87: GFG | Q87: CN | R87: YT | S87: BLOG | T87: TUF | W87: 221 | X87: s4-search-in-rotated-sorted-array-i
A88: 87 | B88: 4 | C88: Step 4: Binary Search [1D, 2D Arrays, Search Space] | D88: 1 | E88: 1. BS on 1D Arrays | F88: Search in Rotated Sorted Array II | G88: Medium | H88: Arrays, Binary Search | I88: Not started | O88: LC | P88: GFG | Q88: CN | R88: YT | S88: BLOG | T88: TUF | W88: 221 | X88: s4-search-in-rotated-sorted-array-ii
A89: 88 | B89: 4 | C89: Step 4: Binary Search [1D, 2D Arrays, Search Space] | D89: 1 | E89: 1. BS on 1D Arrays | F89: Find minimum in Rotated Sorted Array | G89: Medium | H89: Arrays, Data Structures | I89: Not started | O89: LC | P89: GFG | Q89: CN | R89: YT | S89: BLOG | T89: TUF | W89: 229 | X89: s4-find-minimum-in-rotated-sorted-array
A90: 89 | B90: 4 | C90: Step 4: Binary Search [1D, 2D Arrays, Search Space] | D90: 1 | E90: 1. BS on 1D Arrays | F90: Find out how many times has an array been rotated | G90: Easy | H90: Arrays, Data Structures | I90: Not started | P90: GFG | Q90: CN | R90: YT | S90: BLOG | T90: TUF | W90: 232 | X90: s4-find-out-how-many-times-has-an-array-been-rotate
A91: 90 | B91: 4 | C91: Step 4: Binary Search [1D, 2D Arrays, Search Space] | D91: 1 | E91: 1. BS on 1D Arrays | F91: Single element in a Sorted Array | G91: Easy | H91: Arrays, Binary Search, Data Structures | I91: Not started | O91: LC | P91: GFG | Q91: CN | R91: YT | S91: BLOG | T91: TUF | W91: 234 | X91: s4-single-element-in-a-sorted-array
A92: 91 | B92: 4 | C92: Step 4: Binary Search [1D, 2D Arrays, Search Space] | D92: 1 | E92: 1. BS on 1D Arrays | F92: Find peak element | G92: Hard | H92: Arrays, Binary Search | I92: Not started | O92: LC | P92: GFG | Q92: CN | R92: YT | S92: BLOG | T92: TUF | W92: 313 | X92: s4-find-peak-element
A93: 92 | B93: 4 | C93: Step 4: Binary Search [1D, 2D Arrays, Search Space] | D93: 2 | E93: 2. BS on Answers | F93: Find square root of a number in log n | G93: Medium | H93: Binary Search, Data Structures | I93: Not started | P93: GFG | Q93: CN | R93: YT | S93: BLOG | T93: TUF | X93: s4-find-square-root-of-a-number-in-log-n
A94: 93 | B94: 4 | C94: Step 4: Binary Search [1D, 2D Arrays, Search Space] | D94: 2 | E94: 2. BS on Answers | F94: Find the Nth root of a number using binary search | G94: Medium | H94: Binary Search, Data Structures | I94: Not started | P94: GFG | Q94: CN | R94: YT | S94: BLOG | T94: TUF | W94: 244 | X94: s4-find-the-nth-root-of-a-number-using-binary-searc
A95: 94 | B95: 4 | C95: Step 4: Binary Search [1D, 2D Arrays, Search Space] | D95: 2 | E95: 2. BS on Answers | F95: Koko Eating Bananas | G95: Hard | H95: Arrays, Binary Search, Data Structures | I95: Not started | O95: LC | P95: GFG | Q95: CN | R95: YT | S95: BLOG | T95: TUF | W95: 247 | X95: s4-koko-eating-bananas
A96: 95 | B96: 4 | C96: Step 4: Binary Search [1D, 2D Arrays, Search Space] | D96: 2 | E96: 2. BS on Answers | F96: Minimum days to make M bouquets | G96: Hard | H96: Arrays, Binary Search, Data Structures | I96: Not started | O96: LC | P96: GFG | Q96: CN | R96: YT | S96: BLOG | T96: TUF | W96: 250 | X96: s4-minimum-days-to-make-m-bouquets
A97: 96 | B97: 4 | C97: Step 4: Binary Search [1D, 2D Arrays, Search Space] | D97: 2 | E97: 2. BS on Answers | F97: Find the smallest Divisor | G97: Easy | H97: Maths, Data Structures | I97: Not started | O97: LC | P97: GFG | Q97: CN | R97: YT | S97: BLOG | T97: TUF | W97: 256 | X97: s4-find-the-smallest-divisor
A98: 97 | B98: 4 | C98: Step 4: Binary Search [1D, 2D Arrays, Search Space] | D98: 2 | E98: 2. BS on Answers | F98: Capacity to Ship Packages within D Days | G98: Hard | H98: Arrays, Binary Search, Data Structures | I98: Not started | O98: LC | P98: GFG | Q98: CN | R98: YT | S98: BLOG | W98: 259 | X98: s4-capacity-to-ship-packages-within-d-days
A99: 98 | B99: 4 | C99: Step 4: Binary Search [1D, 2D Arrays, Search Space] | D99: 2 | E99: 2. BS on Answers | F99: Kth Missing Positive Number | G99: Easy | H99: Arrays, Binary Search, Data Structures | I99: Not started | O99: LC | P99: GFG | Q99: CN | R99: YT | S99: BLOG | W99: 263 | X99: s4-kth-missing-positive-number
A100: 99 | B100: 4 | C100: Step 4: Binary Search [1D, 2D Arrays, Search Space] | D100: 2 | E100: 2. BS on Answers | F100: Aggressive Cows | G100: Hard | H100: Arrays, Binary Search, Data Structures | I100: Not started | P100: GFG | Q100: CN | R100: YT | S100: BLOG | T100: TUF | U100: SPOJ | W100: 265 | X100: s4-aggressive-cows
...
